student_id,content,wording
000000ffffff,-1.3443323,-1.4310678
222222cccccc,-1.3443323,-1.4310678
111111eeeeee,-1.3443323,-1.4310678
333333dddddd,-1.3443323,-1.4310678
